Year,Site,Date,Tag,N.Stems,max.height,stem.index,stem.height,notes,obs.dis
2020,BT,6/24/2020,106,54,44,P,31,,
2020,BT,6/24/2020,106,54,44,O,29,,
2020,BT,6/24/2020,106,54,44,G,35,,
2020,BT,7/1/2020,106,43,35,P,32,became diseased 7/8/20,
2020,BT,7/1/2020,106,43,35,O,29,became diseased 7/8/21,
2020,BT,7/1/2020,106,43,35,G,40,became diseased 7/8/22,
2020,BT,6/24/2020,107,12,34,P,26,,
2020,BT,6/24/2020,107,12,34,O,19,,
2020,BT,6/24/2020,107,12,34,G,34,,
2020,BT,7/1/2020,107,13,35,P,29,,
2020,BT,7/1/2020,107,13,35,O,23,,
2020,BT,7/1/2020,107,13,35,G,36,,
2020,BT,7/8/2020,107,13,36.5,P,31.5,,
2020,BT,7/8/2020,107,13,36.5,O,24.5,,
2020,BT,7/8/2020,107,13,36.5,G,36.5,,
2020,BT,7/16/2020,107,13,37,P,31.5,,
2020,BT,7/16/2020,107,13,37,O,25,,
2020,BT,7/16/2020,107,13,37,G,37,,
2020,BT,6/24/2020,108,19,48,P,36,,
2020,BT,6/24/2020,108,19,48,O,29,,
2020,BT,6/24/2020,108,19,48,G,23,,
2020,BT,7/1/2020,108,21,35,P,36,,
2020,BT,7/1/2020,108,21,35,O,34,,
2020,BT,7/1/2020,108,21,35,G,22,,
2020,BT,7/8/2020,108,20,52,P,36,toppled,
2020,BT,7/8/2020,108,20,52,O,36,,
2020,BT,7/8/2020,108,20,52,G,23.5,,
2020,BT,7/16/2020,108,18,51.5,P,30.5,"toppled, stem fell off",
2020,BT,7/16/2020,108,18,51.5,O,39.5,,
2020,BT,7/16/2020,108,18,51.5,G,45,,
2020,BT,7/16/2020,108,18,51.5,P2,43,,
2020,BT,7/22/2020,108,18,51.5,P2,42,"someone sat on it, lots of snapped stems",
2020,BT,7/22/2020,108,18,51.5,O,35.5,"someone sat on it, lots of snapped stems",
2020,BT,7/22/2020,108,18,51.5,G,23.5,"someone sat on it, lots of snapped stems",
2020,BT,7/22/2020,111,18,34,P2,23,,
2020,BT,7/22/2020,111,18,34,O,27,,
2020,BT,7/22/2020,111,18,34,G,27,,
2020,BT,7/1/2020,113,4,35,P,15,,
2020,BT,7/1/2020,113,4,35,O,23,,
2020,BT,7/1/2020,113,4,35,G,19,,
2020,BT,7/8/2020,113,3,24,P,15.5,,
2020,BT,7/8/2020,113,3,24,O,24,,
2020,BT,7/8/2020,113,3,24,G,20,,
2020,BT,7/16/2020,113,3,24,P,15,,
2020,BT,7/16/2020,113,3,24,O,24,,
2020,BT,7/16/2020,113,3,24,G,20.5,,
2020,BT,6/24/2020,117,5,19,P,16,,
2020,BT,6/24/2020,117,5,19,O,19,,
2020,BT,6/24/2020,117,5,19,G,18,,
2020,BT,7/22/2020,137,37,55,P,56,,
2020,BT,7/22/2020,137,37,55,O,25,,
2020,BT,7/22/2020,137,37,55,G,47,,
2020,BT,7/29/2020,137,34,52,P,28,,
2020,BT,7/29/2020,137,34,52,O,48,,
2020,BT,7/29/2020,137,34,52,G,51,,
2020,BT,6/24/2020,147,10,28,P,27,,
2020,BT,6/24/2020,147,10,28,O,24,,
2020,BT,6/24/2020,147,10,28,G,21,,
2020,BT,7/1/2020,147,8,35,P,28,,
2020,BT,7/1/2020,147,8,35,O,25,,
2020,BT,7/1/2020,147,8,35,G,23,,
2020,BT,7/8/2020,147,10,29,P,28,,
2020,BT,7/8/2020,147,10,29,O,24.5,,
2020,BT,7/8/2020,147,10,29,G,24,,
2020,BT,7/16/2020,147,8,29,P,28.5,observed D 7/22/2020,
2020,BT,7/16/2020,147,8,29,O,24.5,observed D 7/22/2020,
2020,BT,7/16/2020,147,8,29,G,23.5,observed D 7/22/2020,
2020,BT,6/24/2020,155,34,48,P,39,,
2020,BT,6/24/2020,155,34,48,O,47,,
2020,BT,6/24/2020,155,34,48,G,36,,
2020,BT,7/1/2020,155,35,35,P,40,,
2020,BT,7/1/2020,155,35,35,O,48,,
2020,BT,7/1/2020,155,35,35,G,46,,
2020,BT,7/8/2020,155,31,50,P,43.5,lots of dead stems not counted,
2020,BT,7/8/2020,155,31,50,O,50,lots of dead stems not counted,
2020,BT,7/8/2020,155,31,50,G,37,lots of dead stems not counted,
2020,BT,7/16/2020,155,30,51,P,42,,
2020,BT,7/16/2020,155,30,51,O,51,toppled,
2020,BT,7/16/2020,155,30,51,G,37.5,,
2020,BT,6/24/2020,160,19,30,P,26,,
2020,BT,6/24/2020,160,19,30,O,25,,
2020,BT,6/24/2020,160,19,30,G,23,,
2020,BT,7/1/2020,163,32,35,P,35,,
2020,BT,7/1/2020,163,32,35,O,32,,
2020,BT,7/1/2020,163,32,35,G,44,,
2020,BT,6/24/2020,215,16,43,P,30,obs D on 7/1,
2020,BT,6/24/2020,215,16,43,O,36,obs D on 7/1,
2020,BT,6/24/2020,215,16,43,G,23,obs D on 7/1,
2020,BT,7/1/2020,332,9,35,P,24,,
2020,BT,7/1/2020,332,9,35,O,11,,
2020,BT,7/1/2020,332,9,35,G,27,,
2020,BT,7/8/2020,332,12,32,P,25,,
2020,BT,7/8/2020,332,12,32,O,24,,
2020,BT,7/8/2020,332,12,32,G,30,,
2020,BT,7/16/2020,332,9,34.5,P,24.5,,
2020,BT,7/16/2020,332,9,34.5,O,24.5,,
2020,BT,7/16/2020,332,9,34.5,G,29.5,,
2020,BT,7/22/2020,332,10,34,P,24.5,,
2020,BT,7/22/2020,332,10,34,O,25,,
2020,BT,7/22/2020,332,10,34,G,31,,
2020,BT,7/29/2020,332,12,34.5,P,25.5,1 tiny stem,
2020,BT,7/29/2020,332,12,34.5,O,25.5,1 tiny stem,
2020,BT,7/29/2020,332,12,34.5,G,22,1 tiny stem,
2020,BT,6/24/2020,352,14,31,P,22,,
2020,BT,6/24/2020,352,14,31,O,21,,
2020,BT,6/24/2020,352,14,31,G,28,,
2020,BT,6/24/2020,458,9,32,P,21,,
2020,BT,6/24/2020,458,9,32,O,32,,
2020,BT,6/24/2020,458,9,32,G,22,,
2020,BT,7/1/2020,458,7,35,P,26,,
2020,BT,7/1/2020,458,7,35,O,36,,
2020,BT,7/1/2020,458,7,35,G,25,,
2020,BT,7/8/2020,458,7,37,P,27,2 stems eaten,
2020,BT,7/8/2020,458,7,37,O,37,,
2020,BT,7/8/2020,458,7,37,G,27,,
2020,BT,6/24/2020,459,5,36,P,27,,
2020,BT,6/24/2020,459,5,36,O,32,,
2020,BT,6/24/2020,459,5,36,G,36,,
2020,BT,7/1/2020,459,6,35,P,36,,
2020,BT,7/1/2020,459,6,35,O,30,,
2020,BT,7/1/2020,459,6,35,G,38,,
2020,BT,7/8/2020,459,5,38.5,P,37,,
2020,BT,7/8/2020,459,5,38.5,O,31,,
2020,BT,7/8/2020,459,5,38.5,G,38.5,,
2020,BT,7/16/2020,459,7,39,P,36,,
2020,BT,7/16/2020,459,7,39,O,30,,
2020,BT,7/16/2020,459,7,39,G,39,,
2020,BT,7/22/2020,459,12,39,P,36.5,lots of tiny stems,
2020,BT,7/22/2020,459,12,39,O,31,lots of tiny stems,
2020,BT,7/22/2020,459,12,39,G,39,lots of tiny stems,
2020,BT,7/29/2020,459,11,38.5,P,37,lots of little stems,
2020,BT,7/29/2020,459,11,38.5,O,31,lots of little stems,
2020,BT,7/29/2020,459,11,38.5,G,38.5,lots of little stems,
2020,BT,7/1/2020,460,18,35,P,26,,
2020,BT,7/1/2020,460,18,35,O,25,,
2020,BT,7/1/2020,460,18,35,G,26,,
2020,BT,7/8/2020,460,20,31.5,P,28,,
2020,BT,7/8/2020,460,20,31.5,O,27,,
2020,BT,7/8/2020,460,20,31.5,G,27,,
2020,BT,6/24/2020,461,5,37,P,34,,
2020,BT,6/24/2020,461,5,37,O,37,,
2020,BT,6/24/2020,461,5,37,G,37,,
2020,BT,7/1/2020,461,4,35,P,36,,
2020,BT,7/1/2020,461,4,35,O,39,,
2020,BT,7/1/2020,461,4,35,G,38,,
2020,BT,7/8/2020,461,4,41,P,38,,
2020,BT,7/8/2020,461,4,41,O,41,,
2020,BT,7/8/2020,461,4,41,G,41,,
2020,BT,7/16/2020,461,5,42,P,36.5,,
2020,BT,7/16/2020,461,5,42,O,42,,
2020,BT,7/16/2020,461,5,42,G,40.5,,
2020,BT,6/24/2020,462,14,43,P,27,,
2020,BT,6/24/2020,462,14,43,O,43,,
2020,BT,6/24/2020,462,14,43,G,28,,
2020,BT,7/1/2020,462,15,35,P,32,,
2020,BT,7/1/2020,462,15,35,O,45,,
2020,BT,7/1/2020,462,15,35,G,30,,
2020,BT,7/8/2020,462,16,45,P,35,,
2020,BT,7/8/2020,462,16,45,O,45,,
2020,BT,7/8/2020,462,16,45,G,33,,
2020,BT,7/16/2020,462,15,46.5,P,36,,
2020,BT,7/16/2020,462,15,46.5,O,45.5,,
2020,BT,7/16/2020,462,15,46.5,G,32.5,,
2020,BT,7/22/2020,462,15,45,P,35.5,,
2020,BT,7/22/2020,462,15,45,O,45,,
2020,BT,7/22/2020,462,15,45,G,33,,
2020,BT,7/29/2020,462,15,46,P,36.5,,
2020,BT,7/29/2020,462,15,46,O,46,,
2020,BT,7/29/2020,462,15,46,G,33.5,,
2020,BT,6/24/2020,463,31,43,P,35,,
2020,BT,6/24/2020,463,31,43,O,34,,
2020,BT,6/24/2020,463,31,43,G,43,,
2020,BT,7/8/2020,463,33,43.5,P,36,lots of stems eaten,
2020,BT,7/8/2020,463,33,43.5,O,33,eaten,
2020,BT,7/8/2020,463,33,43.5,G,43.5,lots of stems eaten,
2020,BT,7/16/2020,463,22,47.5,P,37.5,,
2020,BT,7/16/2020,463,22,47.5,O,33,chomped,
2020,BT,7/16/2020,463,22,47.5,G,44,,
2020,BT,7/22/2020,463,22,44,P,37,obs D on 7/29/2020,
2020,BT,7/22/2020,463,22,44,O,33,"chomped, obs D on 7/29/2020",
2020,BT,7/22/2020,463,22,44,G,44,obs D on 7/29/2020,
2020,BT,6/24/2020,464,30,38,P,37,,
2020,BT,6/24/2020,464,30,38,O,33,,
2020,BT,6/24/2020,464,30,38,G,36,,
2020,BT,7/1/2020,464,32,35,P,39,,
2020,BT,7/1/2020,464,32,35,O,35,,
2020,BT,7/1/2020,464,32,35,G,39,,
2020,BT,7/8/2020,464,33,41.5,P,41.5,,
2020,BT,7/8/2020,464,33,41.5,O,36,,
2020,BT,7/8/2020,464,33,41.5,G,39.5,,
2020,BT,7/16/2020,464,34,43.5,P,42.5,D on 7/22/2020,
2020,BT,7/16/2020,464,34,43.5,O,36.5,D on 7/22/2020,
2020,BT,7/16/2020,464,34,43.5,G,40.5,D on 7/22/2020,
2020,BT,6/24/2020,465,24,40,P,28,,
2020,BT,6/24/2020,465,24,40,O,21,,
2020,BT,6/24/2020,465,24,40,G,27,,
2020,BT,7/1/2020,465,22,35,P,31,,
2020,BT,7/1/2020,465,22,35,O,32,,
2020,BT,7/1/2020,465,22,35,G,39,,
2020,BT,7/8/2020,465,20,43.5,P,31.5,,
2020,BT,7/8/2020,465,20,43.5,O,32,,
2020,BT,7/8/2020,465,20,43.5,G,41,,
2020,BT,7/16/2020,465,20,45.5,P,34,D on 7/22/2020,
2020,BT,7/16/2020,465,20,45.5,O,34.5,D on 7/22/2020,
2020,BT,7/16/2020,465,20,45.5,G,43,D on 7/22/2020,
2020,BT,7/22/2020,605,5,39,P,39,,
2020,BT,7/22/2020,605,5,39,O,27,,
2020,BT,7/22/2020,605,5,39,G,32,,
2020,BT,7/29/2020,605,5,39,P,39,,
2020,BT,7/29/2020,605,5,39,O,26.5,chomped,
2020,BT,7/29/2020,605,5,39,G,33,,
2020,BT,7/22/2020,606,3,36,P,36,,
2020,BT,7/22/2020,606,3,36,O,32,,
2020,BT,7/22/2020,606,3,36,G,26,,
2020,BT,7/29/2020,606,3,,P,36.5,hight not recorded,
2020,BT,7/29/2020,606,3,,O,32,hight not recorded,
2020,BT,7/29/2020,606,3,,G,27,hight not recorded,
2020,BT,7/22/2020,607,13,39,P,37.5,,
2020,BT,7/22/2020,607,13,39,O,19.5,,
2020,BT,7/22/2020,607,13,39,G,35,,
2020,BT,7/29/2020,607,12,38.5,P,37.5,,
2020,BT,7/29/2020,607,12,38.5,O,20,,
2020,BT,7/29/2020,607,12,38.5,G,35,,
2020,BT,7/22/2020,608,9,23,P,22.5,,
2020,BT,7/22/2020,608,9,23,O,11,,
2020,BT,7/22/2020,608,9,23,G,23,,
2020,BT,7/22/2020,611,7,19,P,19,,
2020,BT,7/22/2020,611,7,19,O,16,,
2020,BT,7/22/2020,611,7,19,G,14.5,,
2020,BT,7/29/2020,611,7,21,P,21,,
2020,BT,7/29/2020,611,7,21,O,18,,
2020,BT,7/29/2020,611,7,21,G,16.5,,
2020,BT,7/22/2020,612,6,27.5,P,27.5,,
2020,BT,7/22/2020,612,6,27.5,O,27,,
2020,BT,7/22/2020,612,6,27.5,G,19.5,,
2020,BT,7/29/2020,612,7,29.5,P,29.5,,
2020,BT,7/29/2020,612,7,29.5,O,29.5,,
2020,BT,7/29/2020,612,7,29.5,G,21.5,,
2020,BT,6/24/2020,922,6,40,P,40,,
2020,BT,6/24/2020,922,6,40,O,33,,
2020,BT,6/24/2020,922,6,40,G,29,,
2020,BT,7/1/2020,922,6,35,P,42.5,,
2020,BT,7/1/2020,922,6,35,O,35,,
2020,BT,7/1/2020,922,6,35,G,30,,
2020,BT,7/8/2020,922,6,44,P,43,,
2020,BT,7/8/2020,922,6,44,O,37.5,,
2020,BT,7/8/2020,922,6,44,G,32.5,,
2020,BT,7/16/2020,922,6,43.5,P,43,D on 7/22/2020,
2020,BT,7/16/2020,922,6,43.5,O,37,D on 7/22/2020,
2020,BT,7/16/2020,922,6,43.5,G,32,D on 7/22/2020,
2020,BT,6/24/2020,925,12,43,P,33,,
2020,BT,6/24/2020,925,12,43,O,34,,
2020,BT,6/24/2020,925,12,43,G,43,,
2020,BT,7/1/2020,925,11,35,P,33,,
2020,BT,7/1/2020,925,11,35,O,34,,
2020,BT,7/1/2020,925,11,35,G,44,,
2020,BT,7/8/2020,925,12,45,P,34.5,2 stems tiny,
2020,BT,7/8/2020,925,12,45,O,35,,
2020,BT,7/8/2020,925,12,45,G,45,,
2020,BT,7/16/2020,925,10,41.5,P,34,,
2020,BT,7/16/2020,925,10,41.5,O,35,,
2020,BT,7/16/2020,925,10,41.5,G,41.5,,
2020,BT,7/22/2020,925,10,42,P,34,two tiny stems,
2020,BT,7/22/2020,925,10,42,O,34.5,,
2020,BT,7/22/2020,925,10,42,G,31.5,top snapped,
2020,BT,7/29/2020,925,11,41.5,P,34,3 tiny stems,
2020,BT,7/29/2020,925,11,41.5,O,35,,
2020,BT,7/29/2020,925,11,41.5,G,35,chomped,
2020,BT,7/1/2020,955,5,35,P,36,newly tagged,
2020,BT,7/1/2020,955,5,35,O,42,newly tagged,
2020,BT,7/1/2020,955,5,35,G,37.5,newly tagged,
2020,BT,7/8/2020,955,5,45,P,37.5,,
2020,BT,7/8/2020,955,5,45,O,42,,
2020,BT,7/8/2020,955,5,45,G,38.5,,
2020,BT,7/16/2020,955,4,44,P,37,,
2020,BT,7/16/2020,955,4,44,O,43,,
2020,BT,7/16/2020,955,4,44,G,39,,
2020,BT,7/22/2020,955,4,44,P,37,,
2020,BT,7/22/2020,955,4,44,O,42.5,,
2020,BT,7/22/2020,955,4,44,G,38.5,,
2020,BT,7/29/2020,955,4,43.5,P,36.5,,
2020,BT,7/29/2020,955,4,43.5,O,42.5,,
2020,BT,7/29/2020,955,4,43.5,G,39,,
2020,BT,7/1/2020,956,16,35,P,32,newly tagged,
2020,BT,7/1/2020,956,16,35,O,27,newly tagged,
2020,BT,7/1/2020,956,16,35,G,21,newly tagged,
2020,BT,7/8/2020,956,15,33.5,P,31,,
2020,BT,7/8/2020,956,15,33.5,O,28.5,,
2020,BT,7/8/2020,956,15,33.5,G,21,,
2020,BT,7/16/2020,956,15,33,P,33,,
2020,BT,7/16/2020,956,15,33,O,27.5,,
2020,BT,7/16/2020,956,15,33,G,20.5,,
2020,BT,7/1/2020,957,12,35,P,15,newly tagged,
2020,BT,7/1/2020,957,12,35,O,37,newly tagged,
2020,BT,7/1/2020,957,12,35,G,35,newly tagged,
2020,BT,7/8/2020,957,12,38,P,14.5,,
2020,BT,7/8/2020,957,12,38,O,38,,
2020,BT,7/8/2020,957,12,38,G,34,,
2020,BT,7/16/2020,957,11,37.5,P,15.5,observed D 7/22/2020,
2020,BT,7/16/2020,957,11,37.5,O,37.5,"toppled, observed D 7/22/2020",
2020,BT,7/16/2020,957,11,37.5,G,34,observed D 7/22/2020,
2020,BT,7/1/2020,958,10,35,P,11,newly tagged,
2020,BT,7/1/2020,958,10,35,O,30,newly tagged,
2020,BT,7/1/2020,958,10,35,G,18,newly tagged,
2020,BT,7/8/2020,958,10,32,P,13,,
2020,BT,7/8/2020,958,10,32,O,29,,
2020,BT,7/8/2020,958,10,32,G,16.5,,
2020,BT,7/16/2020,958,10,31,P,13,,
2020,BT,7/16/2020,958,10,31,O,28,,
2020,BT,7/16/2020,958,10,31,G,18.5,,
2020,BT,7/22/2020,958,10,28,P,12.5,,
2020,BT,7/22/2020,958,10,28,O,27.5,,
2020,BT,7/22/2020,958,10,28,G,16.5,,
2020,BT,7/29/2020,958,9,27.5,P,12,,
2020,BT,7/29/2020,958,9,27.5,O,27.5,,
2020,BT,7/29/2020,958,9,27.5,G,17,,
2020,BT,7/1/2020,959,11,35,P,33.5,newly tagged,
2020,BT,7/1/2020,959,11,35,O,49,newly tagged,
2020,BT,7/1/2020,959,11,35,G,43,newly tagged,
2020,BT,7/8/2020,959,10,49,P,35,previous H focal,
2020,BT,7/8/2020,959,10,49,O,49,previous H focal,
2020,BT,7/8/2020,959,10,49,G,44,previous H focal,
2020,BT,7/1/2020,960,10,35,P,25,newly tagged,
2020,BT,7/1/2020,960,10,35,O,44,newly tagged,
2020,BT,7/1/2020,960,10,35,G,32,newly tagged,
2020,BT,7/8/2020,960,10,42.5,P,25.5,,
2020,BT,7/8/2020,960,10,42.5,O,42,,
2020,BT,7/8/2020,960,10,42.5,G,32.5,,
2020,BT,7/16/2020,960,10,44,P,26,,
2020,BT,7/16/2020,960,10,44,O,44,,
2020,BT,7/16/2020,960,10,44,G,36.5,,
2020,BT,7/22/2020,960,10,42,P,26.5,,
2020,BT,7/22/2020,960,10,42,O,44.5,,
2020,BT,7/22/2020,960,10,42,G,33,,
2020,BT,7/1/2020,962,11,35,P,24,newly tagged,
2020,BT,7/1/2020,962,11,35,O,32,newly tagged,
2020,BT,7/1/2020,962,11,35,G,19,newly tagged,
2020,BT,7/8/2020,962,9,40,P,26,,
2020,BT,7/8/2020,962,9,40,O,33,,
2020,BT,7/8/2020,962,9,40,G,19,,
2020,BT,7/16/2020,962,9,41.5,P,26,,
2020,BT,7/16/2020,962,9,41.5,O,33,,
2020,BT,7/16/2020,962,9,41.5,G,19.5,,
2020,BT,7/22/2020,962,8,41,P,26,,
2020,BT,7/22/2020,962,8,41,O,33,,
2020,BT,7/22/2020,962,8,41,G,19,,
2020,BT,7/29/2020,962,8,41,P,26,,
2020,BT,7/29/2020,962,8,41,O,34,,
2020,BT,7/29/2020,962,8,41,G,20,,
2020,BT,7/1/2020,963,7,35,P,27,newly tagged,
2020,BT,7/1/2020,963,7,35,O,33,newly tagged,
2020,BT,7/1/2020,963,7,35,G,36,newly tagged,
2020,BT,7/8/2020,963,7,36.5,P,27.5,,
2020,BT,7/8/2020,963,7,36.5,O,33,,
2020,BT,7/8/2020,963,7,36.5,G,35,,
2020,BT,7/16/2020,963,7,36.5,P,27.5,observed D 7/22/2020,
2020,BT,7/16/2020,963,7,36.5,O,33,observed D 7/22/2020,
2020,BT,7/16/2020,963,7,36.5,G,35,observed D 7/22/2020,
2020,BT,7/8/2020,971,15,48,P,36,,
2020,BT,7/8/2020,971,15,48,O,44,,
2020,BT,7/8/2020,971,15,48,G,46.5,,
2020,BT,7/16/2020,971,13,47,P,34.5,,
2020,BT,7/16/2020,971,13,47,O,44.5,,
2020,BT,7/16/2020,971,13,47,G,47,,
2020,BT,7/22/2020,971,17,49,P,35,2 tiny stems,
2020,BT,7/22/2020,971,17,49,O,35,2 tiny stems,
2020,BT,7/22/2020,971,17,49,G,47.5,2 tiny stems,
2020,BT,7/29/2020,971,16,48.5,P,34.5,,
2020,BT,7/29/2020,971,16,48.5,O,45,,
2020,BT,7/29/2020,971,16,48.5,G,48.5,,
2020,BT,7/8/2020,976,10,27.5,P,19,,
2020,BT,7/8/2020,976,10,27.5,O,27.5,,
2020,BT,7/8/2020,976,10,27.5,G,12.5,,
2020,BT,7/16/2020,976,11,25,P,20,,
2020,BT,7/16/2020,976,11,25,O,25,chomped,
2020,BT,7/16/2020,976,11,25,G,12.5,,
2020,BT,7/22/2020,976,11,25,P,20.5,,
2020,BT,7/22/2020,976,11,25,O,25,chomped,
2020,BT,7/22/2020,976,11,25,G,11.5,,
2020,BT,7/29/2020,976,9,26,P,22,,
2020,BT,7/29/2020,976,9,26,O,26,chomped,
2020,BT,7/29/2020,976,9,26,G,12.5,,
2020,BT,7/8/2020,977,36,40.5,P,35.5,,
2020,BT,7/8/2020,977,36,40.5,O,19,,
2020,BT,7/8/2020,977,36,40.5,G,28,,
2020,BT,7/16/2020,977,33,38,P,37,,
2020,BT,7/16/2020,977,33,38,O,20,,
2020,BT,7/16/2020,977,33,38,G,28.5,,
2020,BT,7/22/2020,977,35,38,P,36.5,,
2020,BT,7/22/2020,977,35,38,O,20,,
2020,BT,7/22/2020,977,35,38,G,29,,
2020,BT,7/8/2020,978,7,38.5,P,30,,
2020,BT,7/8/2020,978,7,38.5,O,31.5,,
2020,BT,7/8/2020,978,7,38.5,G,29.5,,
2020,BT,7/16/2020,978,8,41.5,P,32,,
2020,BT,7/16/2020,978,8,41.5,O,33,,
2020,BT,7/16/2020,978,8,41.5,G,30,,
2020,BT,7/22/2020,978,7,39.5,P,31,obs D 7/29/2020,
2020,BT,7/22/2020,978,7,39.5,O,33,obs D 7/29/2020,
2020,BT,7/22/2020,978,7,39.5,G,30,obs D 7/29/2020,
2020,BT,7/8/2020,979,11,42,P,23,,
2020,BT,7/8/2020,979,11,42,O,34,,
2020,BT,7/8/2020,979,11,42,G,28.5,,
2020,BT,7/16/2020,979,12,41.5,P,23,,
2020,BT,7/16/2020,979,12,41.5,O,34,,
2020,BT,7/16/2020,979,12,41.5,G,28,,
2020,BT,7/22/2020,979,12,42,P,23.5,,
2020,BT,7/22/2020,979,12,42,O,35,,
2020,BT,7/22/2020,979,12,42,G,28.5,,
2020,BT,7/29/2020,979,14,42,P,23,2 tiny stems,
2020,BT,7/29/2020,979,14,42,O,35.5,2 tiny stems,
2020,BT,7/29/2020,979,14,42,G,28.5,2 tiny stems,
2020,BT,7/8/2020,980,8,24.5,P,20,,
2020,BT,7/8/2020,980,8,24.5,O,23.5,,
2020,BT,7/8/2020,980,8,24.5,G,24.5,,
2020,BT,7/16/2020,980,9,25,P,20,,
2020,BT,7/16/2020,980,9,25,O,25,,
2020,BT,7/16/2020,980,9,25,G,24.5,,
2020,BT,7/22/2020,980,9,25,P,20.5,,
2020,BT,7/22/2020,980,9,25,O,24.5,,
2020,BT,7/22/2020,980,9,25,G,25,,
2020,CC,7/20/2020,3,7,34.5,P,34.5,,
2020,CC,7/20/2020,3,7,34.5,O,17.5,,
2020,CC,7/20/2020,3,7,34.5,G,26.5,,
2020,CC,7/27/2020,3,8,35,P,35,,
2020,CC,7/27/2020,3,8,35,O,18,,
2020,CC,7/27/2020,3,8,35,G,26,,
2020,CC,7/20/2020,6,5,64,P,26,,
2020,CC,7/20/2020,6,5,64,O,26.5,branchy stems,
2020,CC,7/20/2020,6,5,64,G,61,,
2020,CC,7/27/2020,6,5,60,P,26,,
2020,CC,7/27/2020,6,5,60,O,25.5,,
2020,CC,7/27/2020,6,5,60,G,60,,
2020,CC,7/20/2020,27,12,52,P,37,,
2020,CC,7/20/2020,27,12,52,O,50.5,,
2020,CC,7/20/2020,27,12,52,G,44,,
2020,CC,7/27/2020,27,12,54,P,37,,
2020,CC,7/27/2020,27,12,54,O,51,,
2020,CC,7/27/2020,27,12,54,G,45,,
2020,CC,6/22/2020,71,25,46,P,40,,
2020,CC,6/22/2020,71,25,46,O,19.5,,
2020,CC,6/22/2020,71,25,46,G,25,,
2020,CC,6/22/2020,71,25,46,P,40,,
2020,CC,6/22/2020,71,25,46,O,19.5,,
2020,CC,6/22/2020,71,25,46,G,25,,
2020,CC,6/29/20,71,13,48,P,49,,
2020,CC,6/29/20,71,13,48,O,21,,
2020,CC,6/29/20,71,13,48,G,30,,
2020,CC,7/6/20,71,21,53,P,52,,
2020,CC,7/6/20,71,21,53,O,20,,
2020,CC,7/6/20,71,21,53,G,33,,
2020,CC,7/13/20,71,18,54,P,52,,
2020,CC,7/13/20,71,18,54,O,24,,
2020,CC,7/13/20,71,18,54,G,35.5,,
2020,CC,7/20/20,71,18,53,P,53,,
2020,CC,7/20/20,71,18,53,O,23.5,,
2020,CC,7/20/20,71,18,53,G,36,obs D 7/27/2020,
2020,CC,6/29/20,361,3,52,P,52,"new focal, already tagged",
2020,CC,6/29/20,361,3,52,O,50,,
2020,CC,6/29/20,361,3,52,G,48,,
2020,CC,7/6/20,361,3,56,P,56,,
2020,CC,7/6/20,361,3,56,O,54,,
2020,CC,7/6/20,361,3,56,G,51,,
2020,CC,7/13/20,361,3,59,P,59,,
2020,CC,7/13/20,361,3,59,O,58.5,,
2020,CC,7/13/20,361,3,59,G,54,,
2020,CC,7/20/20,361,3,59,P,59,,
2020,CC,7/20/20,361,3,59,O,58,,
2020,CC,7/20/20,361,3,59,G,54.5,,
2020,CC,7/27/20,361,3,59,P,59,,
2020,CC,7/27/20,361,3,59,O,58,,
2020,CC,7/27/20,361,3,59,G,54,,
2020,CC,6/29/20,941,7,40,P,38,newly tagged,
2020,CC,6/29/20,941,7,40,O,20.5,,
2020,CC,6/29/20,941,7,40,G,25,,
2020,CC,7/20/20,796,12,51,P,28,new,
2020,CC,7/20/20,796,12,51,O,38,new,
2020,CC,7/20/20,796,12,51,G,51,new,
2020,CC,7/20/20,796,12,49,P,27,,
2020,CC,7/20/20,796,12,49,O,36.5,,
2020,CC,7/20/20,796,12,49,G,49,,
2020,CC,7/20/20,797,13,46.5,P,40,new ,
2020,CC,7/20/20,797,13,46.5,O,34.5,new ,
2020,CC,7/20/20,797,13,46.5,G,32.5,new ,
2020,CC,7/27/20,797,7,46,P,38,,
2020,CC,7/27/20,797,7,46,O,34,,
2020,CC,7/20/20,798,11,49.5,P,31,new ,
2020,CC,7/20/20,798,11,49.5,O,30,new ,
2020,CC,7/20/20,798,11,49.5,G,36,new ,
2020,CC,7/27/20,798,9,49,P,30.5,,
2020,CC,7/27/20,798,9,49,O,29.5,,
2020,CC,7/27/20,798,9,49,G,36,,
2020,CC,6/22/2020,908,40,71,P,49,,
2020,CC,6/22/2020,908,40,71,O,58,,
2020,CC,6/22/2020,908,40,71,G,22,,
2020,CC,6/22/2020,908,40,71,P,49,,
2020,CC,6/22/2020,908,40,71,O,58,,
2020,CC,6/22/2020,908,40,71,G,22,,
2020,CC,6/29/20,908,38,66,P,54,,
2020,CC,6/29/20,908,38,66,O,60,,
2020,CC,6/29/20,908,38,66,G,21,,
2020,CC,7/6/20,908,36,65,P,55,,
2020,CC,7/6/20,908,36,65,O,63,,
2020,CC,7/6/20,908,36,65,G,20,,
2020,CC,7/13/20,908,33,66.5,P,58,,
2020,CC,7/13/20,908,33,66.5,O,66,,
2020,CC,7/13/20,908,33,66.5,G,20,chomped,
2020,CC,6/22/2020,909,4,6,P,6,other stems too small to flag,
2020,CC,6/22/2020,909,4,6,P,6,,
2020,CC,6/29/20,909,4,4,P,4,,
2020,CC,7/6/20,909,4,5,P,5,,
2020,CC,7/13/20,909,4,5.5,P,5.5,,
2020,CC,7/20/20,909,23,5.5,P,5.5,,
2020,CC,7/27/20,909,3,5,P,5,,
2020,CC,6/22/2020,910,3,9,P,9,other stems too small to flag,
2020,CC,6/22/2020,910,3,9,P,9,,
2020,CC,6/29/20,910,2,10,P,10,,
2020,CC,7/6/20,910,3,10,P,10,,
2020,CC,7/13/20,910,3,10.5,P,10.5,,
2020,CC,7/20/20,910,3,10.5,P,10.5,,
2020,CC,7/27/20,910,3,10.5,P,10.5,,
2020,CC,6/29/20,936,5,26,P,19,newly tagged,
2020,CC,6/29/20,936,5,26,O,11,,
2020,CC,6/29/20,936,5,26,G,26,,
2020,CC,7/6/20,936,6,28,P,21,,
2020,CC,7/6/20,936,6,28,O,11,,
2020,CC,7/6/20,936,6,28,G,28,,
2020,CC,7/13/20,936,5,28.5,P,20,,
2020,CC,7/13/20,936,5,28.5,O,12,,
2020,CC,7/13/20,936,5,28.5,G,28.5,,
2020,CC,7/20/20,936,5,29.5,P,21,,
2020,CC,7/20/20,936,5,29.5,O,13,,
2020,CC,7/20/20,936,5,29.5,G,29.5,,
2020,CC,7/27/20,936,5,29,P,21,,
2020,CC,7/27/20,936,5,29,O,13.5,,
2020,CC,7/27/20,936,5,29,G,29,,
2020,CC,6/29/20,937,2,7.5,P,7.5,newly tagged,
2020,CC,7/6/20,937,1,8.5,P,8.5,,
2020,CC,7/13/20,937,1,8,P,8,,
2020,CC,7/20/20,937,1,7.5,P,7.5,,
2020,CC,7/27/20,937,1,8,P,8.5,,
2020,CC,6/29/20,938,12,41,P,39,newly tagged,
2020,CC,6/29/20,938,12,41,O,41,,
2020,CC,6/29/20,938,12,41,G,38,,
2020,CC,7/6/20,938,13,42,P,40,,
2020,CC,7/6/20,938,13,42,O,42,,
2020,CC,7/6/20,938,13,42,G,38,,
2020,CC,7/13/20,938,11,41,P,41,,
2020,CC,7/13/20,938,11,41,O,41,,
2020,CC,7/13/20,938,11,41,G,39,,
2020,CC,7/20/20,938,12,43.5,P,42.5,,
2020,CC,7/20/20,938,12,43.5,O,43.5,,
2020,CC,7/20/20,938,12,43.5,G,40.5,,
2020,CC,7/27/20,938,11,44.5,P,43.5,,
2020,CC,7/27/20,938,11,44.5,O,44.5,,
2020,CC,7/27/20,938,11,44.5,G,40.5,,
2020,CC,6/29/20,939,1,8,P,8,newly tagged,
2020,CC,7/6/20,939,1,9,P,9,,
2020,CC,7/13/20,939,1,8.5,P,8.5,,
2020,CC,7/20/20,939,1,9.5,P,9.5,,
2020,CC,7/27/20,939,1,8.5,P,8.5,,
2020,CC,6/29/20,940,2,3,P,3,newly tagged,
2020,CC,7/6/20,940,1,3,P,3,,
2020,CC,7/13/20,940,2,3.5,P,3.5,,
2020,CC,7/20/20,940,1,3,P,3,,
2020,CC,7/27/20,940,2,3.5,P,3.5,,
2020,CC,7/6/20,941,8,39,P,38,,
2020,CC,7/6/20,941,8,39,O,20,,
2020,CC,7/6/20,941,8,39,G,25,,
2020,CC,7/13/20,941,8,40,P,39,,
2020,CC,7/13/20,941,8,40,O,21,,
2020,CC,7/13/20,941,8,40,G,25,,
2020,CC,7/20/20,941,7,40,P,39.5,,
2020,CC,7/20/20,941,7,40,O,21.5,,
2020,CC,7/20/20,941,7,40,G,26,,
2020,CC,7/27/20,941,8,39.5,P,39.5,,
2020,CC,7/27/20,941,8,39.5,O,21,,
2020,CC,7/27/20,941,8,39.5,G,26,,
2020,CC,6/29/20,945,4,45,P,33,newly tagged,
2020,CC,6/29/20,945,4,45,O,45,,
2020,CC,6/29/20,945,4,45,G,36,,
2020,CC,6/29/20,946,2,9,P,9,newly tagged,
2020,CC,7/6/20,946,2,8.5,P,8.5,,
2020,CC,7/13/20,946,2,9.5,P,9.5,,
2020,CC,7/13/20,946,1,9.5,P,9.5,,
2020,CC,7/27/20,946,1,10.5,P,10.5,,
2020,CC,7/13/20,987,1,9.5,P,9.5,,
2020,CC,7/20/20,987,1,9.5,P,9.5,,
2020,CC,7/27/20,987,1,10,P,10,,
2020,CC,7/13/20,988,17,52,P,36,,
2020,CC,7/13/20,988,17,52,O,31,,
2020,CC,7/13/20,988,17,52,G,32.5,,
2020,CC,7/20/20,988,17,53.5,P,35.5,,
2020,CC,7/20/20,988,17,53.5,O,30.5,,
2020,CC,7/20/20,988,17,53.5,G,32,,
2020,CC,7/27/20,988,14,52.5,P,35,,
2020,CC,7/27/20,988,14,52.5,O,31,,
2020,CC,7/27/20,988,14,52.5,G,32,,
2020,CC,7/13/20,989,19,41,P,40,,
2020,CC,7/13/20,989,19,41,O,32.5,,
2020,CC,7/13/20,989,19,41,G,31,,
2020,CC,7/20/20,989,20,40.5,P,40.5,,
2020,CC,7/20/20,989,20,40.5,O,32.5,,
2020,CC,7/20/20,989,20,40.5,G,34.5,,
2020,CC,7/27/20,989,21,,P,41.5,hight not recorded,
2020,CC,7/27/20,989,21,,O,32.5,hight not recorded,
2020,CC,7/27/20,989,21,,G,37,hight not recorded,
2020,CC,7/13/20,990,6,40,P,21.5,,
2020,CC,7/13/20,990,6,40,O,36,,
2020,CC,7/13/20,990,6,40,G,40,,
2020,CC,7/20/20,990,6,40,P,22.5,,
2020,CC,7/20/20,990,6,40,O,34.5,,
2020,CC,7/20/20,990,6,40,G,40,,
2020,CC,7/27/20,990,6,40,P,21,,
2020,CC,7/27/20,990,6,40,O,34,,
2020,CC,7/27/20,990,6,40,G,40,,
2020,CC,7/13/20,991,25,31.5,P,47,,
2020,CC,7/13/20,991,25,31.5,O,45,,
2020,CC,7/13/20,991,25,31.5,G,41.5,,
2020,CC,7/20/20,991,28,49.5,P,46.5,,
2020,CC,7/20/20,991,28,49.5,O,45,,
2020,CC,7/20/20,991,28,49.5,G,41,,
2020,CC,7/27/20,991,27,51.5,P,47,,
2020,CC,7/27/20,991,27,51.5,O,45.5,,
2020,CC,7/27/20,991,27,51.5,G,41,,
2020,CC,7/13/20,992,5,10,P,10,,
2020,CC,7/20/20,992,4,10,P,10,,
2020,CC,7/27/20,992,4,10,P,10,,
2020,CC,7/13/20,993,10,50,P,49.5,,
2020,CC,7/13/20,993,10,50,O,48,,
2020,CC,7/13/20,993,10,50,G,41,,
2020,CC,7/20/20,993,12,50,P,50.5,,
2020,CC,7/20/20,993,12,50,O,48,,
2020,CC,7/20/20,993,12,50,G,42.5,,
2020,CC,7/27/20,993,13,,P,50,hight not recorded,
2020,CC,7/27/20,993,13,,O,48,hight not recorded,
2020,CC,7/27/20,993,13,,G,43.5,hight not recorded,
2020,GM,6/22/2020,267,18,39,P,36,,
2020,GM,6/22/2020,267,18,39,O,39,,
2020,GM,6/22/2020,267,18,39,G,33,,
2020,GM,6/23/2020,267,17,29,P,27,,
2020,GM,6/23/2020,267,17,29,O,23,,
2020,GM,6/23/2020,267,17,29,G,27,,
2020,GM,6/30/2020,267,14,35,P,33.5,,
2020,GM,6/30/2020,267,14,35,O,35,,
2020,GM,6/30/2020,267,14,35,G,30.5,,
2020,GM,7/2/2020,267,17,35,P,35,,
2020,GM,7/2/2020,267,17,35,O,34.5,,
2020,GM,7/2/2020,267,17,35,G,29.5,,
2020,GM,7/7/2020,267,18,39,P,36,,
2020,GM,7/7/2020,267,18,39,O,39,,
2020,GM,7/7/2020,267,18,39,G,33,,
2020,GM,7/9/2020,267,11,39,P,38,,
2020,GM,7/9/2020,267,11,39,O,39,,
2020,GM,7/9/2020,267,11,39,G,35,,
2020,GM,7/15/2020,267,15,44,P,38,,
2020,GM,7/15/2020,267,15,44,O,40,,
2020,GM,7/15/2020,267,15,44,G,38.5,,
2020,GM,7/21/2020,267,15,41,P,37.5,"toppled, 3 stems <1cm (included)",
2020,GM,7/21/2020,267,15,41,O,40.5,3 stems <1cm (included),
2020,GM,7/21/2020,267,15,41,G,37.5,3 stems <1cm (included),
2020,GM,7/28/2020,267,16,42.5,P,37,,
2020,GM,7/28/2020,267,16,42.5,O,38.5,,
2020,GM,7/28/2020,267,16,42.5,G,37,,
2020,GM,6/22/2020,270,6,20,P,17,,
2020,GM,6/22/2020,270,6,20,O,17,,
2020,GM,6/22/2020,270,6,20,G,19,,
2020,GM,7/2/2020,270,6,17,P,16,new H focal plant,
2020,GM,7/2/2020,270,6,17,O,16,new H focal plant,
2020,GM,7/2/2020,270,6,17,G,16.5,new H focal plant,
2020,GM,7/7/2020,270,6,20,P,17,,
2020,GM,7/7/2020,270,6,20,O,17,,
2020,GM,7/7/2020,270,6,20,G,19,,
2020,GM,7/9/2020,270,6,22,P,21,,
2020,GM,7/9/2020,270,6,22,O,22,,
2020,GM,7/9/2020,270,6,22,G,21,,
2020,GM,7/15/2020,270,6,24,P,22.5,"P toppled, fell off",
2020,GM,7/15/2020,270,6,24,O,22,,
2020,GM,7/15/2020,270,6,24,G,22.5,,
2020,GM,7/15/2020,270,6,24,P2,24,,
2020,GM,7/21/2020,270,5,23.5,P2,23.5,,
2020,GM,7/21/2020,270,5,23.5,O,22.5,,
2020,GM,7/21/2020,270,5,23.5,G,21,,
2020,GM,7/28/2020,270,5,24.5,P2,24.5,,
2020,GM,7/28/2020,270,5,24.5,O,23.5,,
2020,GM,7/28/2020,270,5,24.5,G,22,,
2020,GM,6/22/2020,289,10,36.5,P,36.5,,
2020,GM,6/22/2020,289,10,36.5,O,14.5,,
2020,GM,6/22/2020,289,10,36.5,G,18,,
2020,GM,7/2/2020,289,7,36,P,36,new H focal plant,
2020,GM,7/2/2020,289,7,36,O,14,new H focal plant,
2020,GM,7/2/2020,289,7,36,G,16,new H focal plant,
2020,GM,7/7/2020,289,10,36.5,P,36.5,,
2020,GM,7/7/2020,289,10,36.5,O,14.5,,
2020,GM,7/7/2020,289,10,36.5,G,18,,
2020,GM,7/9/2020,289,8,37,P,37,,
2020,GM,7/9/2020,289,8,37,O,15,,
2020,GM,7/9/2020,289,8,37,G,17,,
2020,GM,7/15/2020,289,9,38,P,38,,
2020,GM,7/15/2020,289,9,38,O,15.5,,
2020,GM,7/15/2020,289,9,38,G,18,,
2020,GM,7/21/2020,289,7,39,P,39,,
2020,GM,7/21/2020,289,7,39,O,15.5,,
2020,GM,7/21/2020,289,7,39,G,19,,
2020,GM,7/28/2020,289,8,38.5,P,38.5,,
2020,GM,7/28/2020,289,8,38.5,O,15,,
2020,GM,7/28/2020,289,8,38.5,G,18.5,,
2020,GM,6/23/2020,292,7,23,P,23,Observed diseased on 7/2/20,
2020,GM,6/23/2020,292,7,23,O,22,,
2020,GM,6/23/2020,292,7,23,G,14,,
2020,GM,6/30/2020,292,6,31,P,31,,
2020,GM,6/30/2020,292,6,31,O,29.5,,
2020,GM,6/30/2020,292,6,31,G,17.5,,
2020,GM,6/22/2020,307,9,32,P2,33,new stem,
2020,GM,6/22/2020,307,9,32,O,32,,
2020,GM,6/22/2020,307,9,32,G,17,,
2020,GM,7/2/2020,307,9,29,P,29,new H focal plant,
2020,GM,7/2/2020,307,9,29,O,27.5,new H focal plant,
2020,GM,7/2/2020,307,9,29,G,21.5,new H focal plant,
2020,GM,7/7/2020,307,9,32,P2,33,,
2020,GM,7/7/2020,307,9,32,O,32,,
2020,GM,7/7/2020,307,9,32,G,17,,
2020,GM,7/9/2020,307,8,33,P2,32,,
2020,GM,7/9/2020,307,8,33,O,32,,
2020,GM,7/9/2020,307,8,33,G,17,,
2020,GM,7/15/2020,307,9,33.5,P2,33.5,,
2020,GM,7/15/2020,307,9,33.5,O,33.5,,
2020,GM,7/15/2020,307,9,33.5,G,17,chomped,
2020,GM,7/21/2020,307,8,35,P2,34.5,,
2020,GM,7/21/2020,307,8,35,O,34.5,,
2020,GM,7/21/2020,307,8,35,G,33.5,,
2020,GM,7/28/2020,307,8,35.5,P2,34.5,,
2020,GM,7/28/2020,307,8,35.5,O,34,,
2020,GM,7/28/2020,307,8,35.5,G,33,,
2020,GM,6/23/2020,316,21,40,P,27,Observed diseased on 6/30/20,
2020,GM,6/23/2020,316,21,40,O,26,Observed diseased on 6/30/20,
2020,GM,6/23/2020,316,21,40,G,29,Observed diseased on 6/30/20,
2020,GM,6/22/2020,338,4,34,P,,missing,
2020,GM,6/22/2020,338,4,34,O,34,,
2020,GM,6/22/2020,338,4,34,G,8,,
2020,GM,7/2/2020,338,4,32.5,P,30.5,new H focal plant,
2020,GM,7/2/2020,338,4,32.5,O,32.5,new H focal plant,
2020,GM,7/2/2020,338,4,32.5,G,6,new H focal plant,
2020,GM,7/7/2020,338,4,34,P,,missing,
2020,GM,7/7/2020,338,4,34,O,34,,
2020,GM,7/7/2020,338,4,34,G,8,,
2020,GM,7/9/2020,338,4,37,P,19,,
2020,GM,7/9/2020,338,4,37,O,37,,
2020,GM,7/9/2020,338,4,37,G,8,,
2020,GM,7/15/2020,338,4,33.5,P,18,chomped,
2020,GM,7/15/2020,338,4,33.5,O,35.5,,
2020,GM,7/15/2020,338,4,33.5,G,8,,
2020,GM,7/21/2020,338,4,35,P,18.5,chomped,
2020,GM,7/21/2020,338,4,35,O,35,,
2020,GM,7/21/2020,338,4,35,G,9.5,,
2020,GM,7/28/2020,338,4,37,P,18.5,chomped,
2020,GM,7/28/2020,338,4,37,O,37,,
2020,GM,7/28/2020,338,4,37,G,11,,
2020,GM,7/15/2020,356,15,29,P,29,"already tagged, lots of short branchy stems",
2020,GM,7/15/2020,356,15,29,O,22.5,"already tagged, lots of short branchy stems",
2020,GM,7/15/2020,356,15,29,G,13,"already tagged, lots of short branchy stems",
2020,GM,7/21/2020,356,14,29.5,P,29.5,lots of branchy stems,
2020,GM,7/21/2020,356,14,29.5,O,25.5,lots of branchy stems,
2020,GM,7/21/2020,356,14,29.5,G,14,lots of branchy stems,
2020,GM,7/28/2020,356,16,29,P,29,,
2020,GM,7/28/2020,356,16,29,O,26.5,,
2020,GM,7/28/2020,356,16,29,G,14,,
2020,GM,6/23/2020,369,3,25,P,23,,
2020,GM,6/23/2020,369,3,25,O,21,,
2020,GM,6/23/2020,369,3,25,G,25,,
2020,GM,6/30/2020,369,3,34,P,33,,
2020,GM,6/30/2020,369,3,34,O,34,,
2020,GM,6/30/2020,369,3,34,G,34,,
2020,GM,7/2/2020,369,,33,P,31.5,observed diseased on 7/7/20,
2020,GM,7/2/2020,369,,33,O,31,,
2020,GM,7/2/2020,369,,33,G,33,,
2020,GM,6/22/2020,376,5,27.5,P,18.5,,
2020,GM,6/22/2020,376,5,27.5,O,27.5,,
2020,GM,6/22/2020,376,5,27.5,G,18.5,,
2020,GM,6/23/2020,376,6,19,P,13,,
2020,GM,6/23/2020,376,6,19,O,19,,
2020,GM,6/23/2020,376,6,19,G,13,,
2020,GM,6/30/2020,376,6,24,P,16,,
2020,GM,6/30/2020,376,6,24,O,24,,
2020,GM,6/30/2020,376,6,24,G,16,,
2020,GM,7/2/2020,376,5,25,P,17,,
2020,GM,7/2/2020,376,5,25,O,25,,
2020,GM,7/2/2020,376,5,25,G,16,,
2020,GM,7/7/2020,376,5,27.5,P,18.5,,
2020,GM,7/7/2020,376,5,27.5,O,27.5,,
2020,GM,7/7/2020,376,5,27.5,G,18.5,,
2020,GM,7/9/2020,376,5,29.5,P,18.5,,
2020,GM,7/9/2020,376,5,29.5,O,29.5,,
2020,GM,7/9/2020,376,5,29.5,G,20,,
2020,GM,7/15/2020,376,6,31,P,20.5,,
2020,GM,7/15/2020,376,6,31,O,31,,
2020,GM,7/15/2020,376,6,31,G,20.5,,
2020,GM,7/15/2020,378,12,36,P,31,already tagged,
2020,GM,7/15/2020,378,12,36,O,27,already tagged,
2020,GM,7/15/2020,378,12,36,G,26,already tagged,
2020,GM,7/21/2020,378,13,34.5,P,31,,
2020,GM,7/21/2020,378,13,34.5,O,27,,
2020,GM,7/21/2020,378,13,34.5,G,27,,
2020,GM,7/28/2020,378,10,36.5,P,31.5,,
2020,GM,7/28/2020,378,10,36.5,O,27,,
2020,GM,7/28/2020,378,10,36.5,G,27,,
2020,GM,6/22/2020,454,9,27,P2,24,flag gone,
2020,GM,6/22/2020,454,9,27,O,19,,
2020,GM,6/22/2020,454,9,27,G,27,,
2020,GM,7/2/2020,454,9,31,P,31,new H focal plant,
2020,GM,7/2/2020,454,9,31,O,16.5,new H focal plant,
2020,GM,7/2/2020,454,9,31,G,25.5,new H focal plant,
2020,GM,7/7/2020,454,9,27,P2,24,,
2020,GM,7/7/2020,454,9,27,O,19,,
2020,GM,7/7/2020,454,9,27,G,27,,
2020,GM,7/9/2020,454,9,27,P,24,,
2020,GM,7/9/2020,454,9,27,O,19,,
2020,GM,7/9/2020,454,9,27,G,27,,
2020,GM,7/15/2020,454,10,28,P,25,,
2020,GM,7/15/2020,454,10,28,O,22,,
2020,GM,7/15/2020,454,10,28,G,27,,
2020,GM,7/21/2020,454,9,31,P,25,,
2020,GM,7/21/2020,454,9,31,O,22.5,,
2020,GM,7/21/2020,454,9,31,G,19,chomped,
2020,GM,6/22/2020,500,7,38,P,31,,
2020,GM,6/22/2020,500,7,38,O,38,,
2020,GM,6/22/2020,500,7,38,G,36,,
2020,GM,6/30/2020,500,35,35,P,25,new H focal already tagged,
2020,GM,6/30/2020,500,35,35,O,35,new H focal already tagged,
2020,GM,6/30/2020,500,35,35,G,34,new H focal already tagged,
2020,GM,7/2/2020,500,7,38,P,26,,
2020,GM,7/2/2020,500,7,38,O,38,,
2020,GM,7/2/2020,500,7,38,G,34.5,,
2020,GM,7/7/2020,500,7,38,P,31,,
2020,GM,7/7/2020,500,7,38,O,38,,
2020,GM,7/7/2020,500,7,38,G,36,,
2020,GM,7/9/2020,500,6,45,P,37,,
2020,GM,7/9/2020,500,6,45,O,45,,
2020,GM,7/9/2020,500,6,45,G,43,,
2020,GM,7/15/2020,500,5,39.5,P,33,,
2020,GM,7/15/2020,500,5,39.5,O,39.5,,
2020,GM,7/15/2020,500,5,39.5,G,38,,
2020,GM,7/21/2020,500,5,39,P,33.5,,
2020,GM,7/21/2020,500,5,39,O,39,,
2020,GM,7/21/2020,500,5,39,G,38,,
2020,GM,7/9/2020,596,7,15.5,P,14,,
2020,GM,7/9/2020,596,7,15.5,O,12.5,,
2020,GM,7/9/2020,596,7,15.5,G,15.5,,
2020,GM,7/7/2020,592,11,42,P,42,,
2020,GM,7/7/2020,592,11,42,O,32,,
2020,GM,7/7/2020,592,11,42,G,38,,
2020,GM,7/9/2020,592,13,45,P,45,,
2020,GM,7/9/2020,592,13,45,O,33,,
2020,GM,7/9/2020,592,13,45,G,36,,
2020,GM,7/15/2020,592,11,44,P,44,,
2020,GM,7/15/2020,592,11,44,O,32,,
2020,GM,7/15/2020,592,11,44,G,36,,
2020,GM,7/21/2020,592,10,45,P,44.5,,
2020,GM,7/21/2020,592,10,45,O,32,,
2020,GM,7/21/2020,592,10,45,G,38,,
2020,GM,7/28/2020,592,10,46,P,44.5,,
2020,GM,7/28/2020,592,10,46,O,33.5,,
2020,GM,7/28/2020,592,10,46,G,39,,
2020,GM,7/7/2020,595,22,47,P,45,,
2020,GM,7/7/2020,595,22,47,O,30,,
2020,GM,7/7/2020,595,22,47,G,45,,
2020,GM,7/9/2020,595,23,47,P,44,,
2020,GM,7/9/2020,595,23,47,O,29,,
2020,GM,7/9/2020,595,23,47,G,33,,
2020,GM,7/15/2020,595,23,50,P,45,,
2020,GM,7/15/2020,595,23,50,O,30,,
2020,GM,7/15/2020,595,23,50,G,32.5,,
2020,GM,7/21/2020,595,23,49,P,45.5,,
2020,GM,7/21/2020,595,23,49,O,30,,
2020,GM,7/21/2020,595,23,49,G,46,,
2020,GM,7/28/2020,595,23,50,P,44.5,,
2020,GM,7/28/2020,595,23,50,O,30,,
2020,GM,7/28/2020,595,23,50,G,46,,
2020,GM,7/2/2020,596,7,14,P,11,new H focal plant,
2020,GM,7/2/2020,596,7,14,O,11,new H focal plant,
2020,GM,7/2/2020,596,7,14,G,14,new H focal plant,
2020,GM,7/15/2020,596,7,15.5,P,13.5,,
2020,GM,7/15/2020,596,7,15.5,O,13,,
2020,GM,7/15/2020,596,7,15.5,G,15.5,,
2020,GM,7/21/2020,596,7,16.5,P,14,,
2020,GM,7/21/2020,596,7,16.5,O,13,,
2020,GM,7/21/2020,596,7,16.5,G,16.5,,
2020,GM,7/28/2020,596,7,17,P,16,,
2020,GM,7/28/2020,596,7,17,O,13.5,,
2020,GM,7/28/2020,596,7,17,G,17,,
2020,GM,7/9/2020,600,9,34.5,P,22.5,new H focal plant,
2020,GM,7/9/2020,600,9,34.5,O,30,new H focal plant,
2020,GM,7/9/2020,600,9,34.5,G,31,new H focal plant,
2020,GM,7/15/2020,600,9,36.5,P,22.5,,
2020,GM,7/15/2020,600,9,36.5,O,30,,
2020,GM,7/15/2020,600,9,36.5,G,34,,
2020,GM,7/21/2020,600,9,35,P,23,,
2020,GM,7/21/2020,600,9,35,O,30.5,,
2020,GM,7/21/2020,600,9,35,G,33,,
2020,GM,7/28/2020,600,9,35.5,P,23,,
2020,GM,7/28/2020,600,9,35.5,O,31,,
2020,GM,7/28/2020,600,9,35.5,G,33,,
2020,GM,7/15/2020,801,14,22,P,22,,
2020,GM,7/15/2020,801,14,22,O,7,,
2020,GM,7/15/2020,801,14,22,G,7,,
2020,GM,7/21/2020,801,9,23.5,P,23.5,,
2020,GM,7/21/2020,801,9,23.5,O,8.5,,
2020,GM,7/21/2020,801,9,23.5,G,8.5,,
2020,GM,7/28/2020,801,11,24.5,P,24.5,,
2020,GM,7/28/2020,801,11,24.5,O,10,,
2020,GM,7/28/2020,801,11,24.5,G,8.5,,
2020,GM,7/15/2020,802,7,22.5,P,15,new H focal,
2020,GM,7/15/2020,802,7,22.5,O,22.5,new H focal,
2020,GM,7/15/2020,802,7,22.5,G,15.5,new H focal,
2020,GM,7/21/2020,802,7,23.5,P,15,,
2020,GM,7/21/2020,802,7,23.5,O,23.5,,
2020,GM,7/21/2020,802,7,23.5,G,15.5,chomped,
2020,GM,7/28/2020,802,7,22.5,P,15.5,,
2020,GM,7/28/2020,802,7,22.5,O,22.5,,
2020,GM,7/28/2020,802,7,22.5,G,15,chomped,
2020,GM,7/15/2020,803,6,12.5,P,5,new H focal,
2020,GM,7/15/2020,803,6,12.5,O,12.5,new H focal,
2020,GM,7/15/2020,803,6,12.5,G,3,new H focal,
2020,GM,7/21/2020,803,8,14,P,5.5,,
2020,GM,7/21/2020,803,8,14,O,14,,
2020,GM,7/21/2020,803,8,14,G,3.5,,
2020,GM,7/28/2020,803,8,16,P,7,,
2020,GM,7/28/2020,803,8,16,O,16,,
2020,GM,7/28/2020,803,8,16,G,4.5,,
2020,GM,6/30/2020,948,13,42,P,32.5,newly tagged,
2020,GM,6/30/2020,948,13,42,O,36,newly tagged,observed diseased on 7/7/20
2020,GM,6/30/2020,948,13,42,G,34,newly tagged,
2020,GM,7/2/2020,948,13,43,P,33,,
2020,GM,7/2/2020,948,13,43,O,36,,
2020,GM,7/2/2020,948,13,43,G,34.5,,
2020,GM,6/22/2020,950,5,44.5,P,43,,
2020,GM,6/22/2020,950,5,44.5,O,41,,
2020,GM,6/22/2020,950,5,44.5,G,44.5,,
2020,GM,6/30/2020,950,5,41,P,41,newly tagged,
2020,GM,6/30/2020,950,5,41,O,38,newly tagged,
2020,GM,6/30/2020,950,5,41,G,41,newly tagged,
2020,GM,7/2/2020,950,5,41,P,41,,
2020,GM,7/2/2020,950,5,41,O,37.5,,
2020,GM,7/2/2020,950,5,41,G,41,,
2020,GM,7/7/2020,950,5,44.5,P,43,,
2020,GM,7/7/2020,950,5,44.5,O,41,,
2020,GM,7/7/2020,950,5,44.5,G,44.5,,
2020,GM,7/9/2020,950,5,45,P,43,,
2020,GM,7/9/2020,950,5,45,O,42,,
2020,GM,7/9/2020,950,5,45,G,45,,
2020,GM,7/15/2020,950,5,46,P,44.5,,
2020,GM,7/15/2020,950,5,46,O,43.5,,
2020,GM,7/15/2020,950,5,46,G,46,,
2020,GM,7/21/2020,950,4,45,P,44,,
2020,GM,7/21/2020,950,4,45,O,44,,
2020,GM,7/21/2020,950,4,45,G,45,,
2020,GM,7/28/2020,950,5,46,P,44,,
2020,GM,7/28/2020,950,5,46,O,44,,
2020,GM,7/28/2020,950,5,46,G,46,,
2020,GM,7/7/2020,970,10,21,P,21,"X= 4.7, Y= 15.65",
2020,GM,7/7/2020,970,10,21,O,20,,
2020,GM,7/7/2020,970,10,21,G,12,,
2020,GM,7/15/2020,970,22,3,P,22.5,,
2020,GM,7/15/2020,970,22,3,O,22.5,,
2020,GM,7/15/2020,970,22,3,G,12,,
2020,GM,7/21/2020,970,10,23.5,P,23.5,toppled,
2020,GM,7/21/2020,970,10,23.5,O,23,,
2020,GM,7/21/2020,970,10,23.5,G,12,,
2020,GM,7/28/2020,970,11,23.5,P,23.5,,
2020,GM,7/28/2020,970,11,23.5,O,23,,
2020,GM,7/28/2020,970,11,23.5,G,12.5,,
2020,GM,7/7/2020,972,8,40,P,40,"X= 5.2, Y= 15.75",
2020,GM,7/7/2020,972,8,40,O,39,,
2020,GM,7/7/2020,972,8,40,G,17,,
2020,GM,7/9/2020,972,9,41,P,41,,
2020,GM,7/9/2020,972,9,41,O,40,,
2020,GM,7/9/2020,972,9,41,G,18.5,,
2020,GM,7/15/2020,972,8,43,P,43,,
2020,GM,7/15/2020,972,8,43,O,41,,
2020,GM,7/15/2020,972,8,43,G,19.5,,
2020,GM,7/21/2020,972,8,43.5,P,43.5,,
2020,GM,7/21/2020,972,8,43.5,O,42,,
2020,GM,7/21/2020,972,8,43.5,G,19.5,,
2020,GM,7/28/2020,972,8,42,P,43,,
2020,GM,7/28/2020,972,8,42,O,41.5,,
2020,GM,7/28/2020,972,8,42,G,20,,
2020,GM,7/7/2020,973,2,33,P,33,"X= 2.28, Y= 15.8",
2020,GM,7/7/2020,973,2,33,O,31,,
2020,GM,7/9/2020,973,2,32,P,32,,
2020,GM,7/9/2020,973,2,32,O,32,,
2020,GM,7/15/2020,973,2,34.5,P,34.5,,
2020,GM,7/15/2020,973,2,34.5,O,32.5,,
2020,GM,7/21/2020,973,2,34.5,P,34.5,,
2020,GM,7/21/2020,973,2,34.5,O,33.5,,
2020,GM,7/28/2020,973,2,35,P,35,,
2020,GM,7/28/2020,973,2,35,O,33.5,,
2020,GM,7/7/2020,974,8,38,P,30,"X= 5.3, Y= 17.4",
2020,GM,7/7/2020,974,8,38,O,31,,
2020,GM,7/7/2020,974,8,38,G,38,,
2020,GM,7/9/2020,974,8,38.5,P,28,,
2020,GM,7/9/2020,974,8,38.5,O,33,,
2020,GM,7/9/2020,974,8,38.5,G,38,,
2020,GM,7/15/2020,974,8,39,P,30,,
2020,GM,7/15/2020,974,8,39,O,33.5,,
2020,GM,7/15/2020,974,8,39,G,38,,
2020,GM,7/21/2020,974,8,39,P,30,,
2020,GM,7/21/2020,974,8,39,O,33.5,,
2020,GM,7/21/2020,974,8,39,G,39,,
2020,GM,7/28/2020,974,8,39,P,29.5,,
2020,GM,7/28/2020,974,8,39,O,34.5,,
2020,GM,7/28/2020,974,8,39,G,39,,
2020,GM,7/7/2020,975,4,28,P,23,"X= 5.6, Y= 13.9",
2020,GM,7/7/2020,975,4,28,O,17,,
2020,GM,7/7/2020,975,4,28,G,26,,
2020,GM,7/9/2020,975,4,27.5,P,27.5,,
2020,GM,7/9/2020,975,4,27.5,O,17,,
2020,GM,7/9/2020,975,4,27.5,G,27.5,,
2020,GM,7/15/2020,975,4,30,P,30,,
2020,GM,7/15/2020,975,4,30,O,20,,
2020,GM,7/15/2020,975,4,30,G,29,,
2020,GM,7/21/2020,975,4,31,P,29.5,obs D 7/28,
2020,GM,7/21/2020,975,4,31,O,23,obs D 7/28,
2020,GM,7/21/2020,975,4,31,G,30,obs D 7/28,
2020,HM,7/21/2020,696,6,23.5,P,17,,
2020,HM,7/21/2020,696,6,23.5,O,19.5,,
2020,HM,7/21/2020,696,6,23.5,G,17,,
2020,HM,7/28/2020,696,7,24.5,P,16,O flagging tape eaten,
2020,HM,7/28/2020,696,7,24.5,G,17.5,O flagging tape eaten,
2020,HM,7/21/2020,697,12,17.5,P,16,,
2020,HM,7/21/2020,697,12,17.5,O,13.5,,
2020,HM,7/21/2020,697,12,17.5,G,16,,
2020,HM,7/28/2020,697,13,17.5,P,16.5,,
2020,HM,7/28/2020,697,13,17.5,O,14,,
2020,HM,7/28/2020,697,13,17.5,G,16,,
2020,HM,7/21/2020,698,7,28.5,P,27,new,
2020,HM,7/21/2020,698,7,28.5,O,12,new,
2020,HM,7/21/2020,698,7,28.5,G,23.5,new,
2020,HM,7/28/2020,698,7,27.5,P,27,,
2020,HM,7/28/2020,698,7,27.5,O,13,,
2020,HM,7/28/2020,698,7,27.5,G,24,,
2020,HM,7/21/2020,699,18,33.5,P,27.5,new,
2020,HM,7/21/2020,699,18,33.5,O,23,new,
2020,HM,7/21/2020,699,18,33.5,G,25.5,new,
2020,HM,7/28/2020,699,18,30.5,P,27,,
2020,HM,7/28/2020,699,18,30.5,O,23,,
2020,HM,7/28/2020,699,18,30.5,G,26.5,,
2020,HM,7/21/2020,700,6,16.5,P,15,new,
2020,HM,7/21/2020,700,6,16.5,O,16,new,
2020,HM,7/21/2020,700,6,16.5,G,7.5,new,
2020,HM,7/28/2020,700,6,16.5,O,16.5,P&G flagging tape eaten,
2020,HM,6/25/2020,929,19,8,P,8,other stems too small to tag,
2020,HM,6/25/20,929,19,8,P,8,other stems too small to tag,
2020,HM,7/2/2020,929,19,13.5,P,13.5,,
2020,HM,7/2/2020,929,19,13.5,O,10,,
2020,HM,7/2/2020,929,19,13.5,G,9,,
2020,HM,7/7/2020,929,18,17.5,P,17.5,,
2020,HM,7/7/2020,929,18,17.5,O,13.5,,
2020,HM,7/7/2020,929,18,17.5,G,10,,
2020,HM,7/9/2020,929,17,19,P,19,,
2020,HM,7/9/2020,929,17,19,O,14.5,,
2020,HM,7/9/2020,929,17,19,G,11,,
2020,HM,7/15/2020,929,18,22,P,22,,
2020,HM,7/15/2020,929,18,22,O,17,,
2020,HM,7/15/2020,929,18,22,G,12,,
2020,HM,7/21/2020,929,16,23,P,23,,
2020,HM,7/21/2020,929,16,23,O,17,,
2020,HM,7/21/2020,929,16,23,G,13,,
2020,HM,7/28/2020,929,17,22,P,22,,
2020,HM,7/28/2020,929,17,22,O,17,,
2020,HM,7/28/2020,929,17,22,G,13,,
2020,HM,6/25/20,930,22,17,P,16,,
2020,HM,6/25/20,930,22,17,O,15,,
2020,HM,6/25/20,930,22,17,G,13,,
2020,HM,7/2/2020,930,20,20,P,17.5,,
2020,HM,7/2/2020,930,20,20,O,17.5,,
2020,HM,7/2/2020,930,20,20,G,14.5,,
2020,HM,7/7/2020,930,19,22,P,20,,
2020,HM,7/7/2020,930,19,22,O,21,,
2020,HM,7/7/2020,930,19,22,G,16,,
2020,HM,7/9/2020,930,16,22,P,20,,
2020,HM,7/9/2020,930,16,22,O,22,,
2020,HM,7/9/2020,930,16,22,G,15.5,,
2020,HM,7/15/2020,930,16,23,P,20,,
2020,HM,7/15/2020,930,16,23,O,22,,
2020,HM,7/15/2020,930,16,23,G,16,,
2020,HM,7/21/2020,930,21,24,P,20,,
2020,HM,7/21/2020,930,21,24,O,22.5,,
2020,HM,7/21/2020,930,21,24,G,17,,
2020,HM,7/28/2020,930,19,24,P,25,,
2020,HM,7/28/2020,930,19,24,O,23,,
2020,HM,7/28/2020,930,19,24,G,17,,
2020,HM,6/25/20,931,7,20,P,11,,
2020,HM,6/25/20,931,7,20,O,19,,
2020,HM,6/25/20,931,7,20,G,12,,
2020,HM,7/2/2020,931,6,27.5,P,16,,
2020,HM,7/2/2020,931,6,27.5,O,26,,
2020,HM,7/2/2020,931,6,27.5,G,16,,
2020,HM,7/7/2020,931,7,31,P,20.5,,
2020,HM,7/7/2020,931,7,31,O,31,,
2020,HM,7/7/2020,931,7,31,G,19.5,,
2020,HM,7/9/2020,931,6,31.5,P,21,,
2020,HM,7/9/2020,931,6,31.5,O,31,,
2020,HM,7/9/2020,931,6,31.5,G,20.5,,
2020,HM,7/15/2020,931,6,33.5,P,24,,
2020,HM,7/15/2020,931,6,33.5,O,33.5,,
2020,HM,7/15/2020,931,6,33.5,G,24,,
2020,HM,7/21/2020,931,7,35,P,24,,
2020,HM,7/21/2020,931,7,35,O,35,,
2020,HM,7/21/2020,931,7,35,G,25,,
2020,HM,7/28/2020,931,8,33.5,P,22,,
2020,HM,7/28/2020,931,8,33.5,O,33.5,,
2020,HM,7/28/2020,931,8,33.5,G,25,,
2020,HM,6/25/20,932,12,19,P,14,,
2020,HM,6/25/20,932,12,19,O,10,,
2020,HM,6/25/20,932,12,19,G,14,,
2020,HM,7/2/2020,932,,21,P,17.5,,
2020,HM,7/2/2020,932,,21,O,12,,
2020,HM,7/2/2020,932,,21,G,16,,
2020,HM,7/7/2020,932,12,23,P,20,,
2020,HM,7/7/2020,932,12,23,O,13.5,,
2020,HM,7/7/2020,932,12,23,G,17,,
2020,HM,7/9/2020,932,12,23,P,20,,
2020,HM,7/9/2020,932,12,23,O,14,,
2020,HM,7/9/2020,932,12,23,G,17,,
2020,HM,7/15/2020,932,12,22.5,P,20,,
2020,HM,7/15/2020,932,12,22.5,O,14.5,,
2020,HM,7/15/2020,932,12,22.5,G,17.5,,
2020,HM,7/21/2020,932,12,23,P,20,,
2020,HM,7/21/2020,932,12,23,O,14.5,,
2020,HM,7/21/2020,932,12,23,G,17.5,,
2020,HM,7/28/2020,932,12,22.5,P,19.5,,
2020,HM,7/28/2020,932,12,22.5,O,14,,
2020,HM,7/28/2020,932,12,22.5,G,17,,
2020,HM,7/15/2020,997,23,29,P,21,,
2020,HM,7/15/2020,997,23,29,O,27,,
2020,HM,7/15/2020,997,23,29,G,19.5,,
2020,HM,7/21/2020,997,26,27,P,21,6 tiny stems < 1cm,
2020,HM,7/21/2020,997,26,27,O,26.5,,
2020,HM,7/21/2020,997,26,27,G,20,,
2020,HM,7/28/2020,997,25,28,P,20.5,,
2020,HM,7/28/2020,997,25,28,O,26.5,,
2020,HM,7/28/2020,997,25,28,G,20,,